Transition		tpdr
0		8.86691E-09
100		1.15145E-10
400		1.89198E-10
800		2.64219E-10