Transition		tpdr
0		9.3913E-09
100		1.49009E-10
400		2.28629E-10
800		3.1428E-10