Transition		tpdr
0		1.00183E-08
100		3.38281E-10
400		2.96155E-10
800		3.96099E-10