Transition		tpdr
0		1.12086E-08
100		3.38281E-10
400		4.16101E-10
800		5.36673E-10