Transition		tpdr
0		8.60524E-09
100		9.74881E-11
400		1.67147E-10
800		1.67147E-10