Transition		tpdr
0		8.95874E-09
100		1.1414E-10
400		1.88572E-10
800		1.88572E-10