Transition		tpdr
0		9.36985E-09
100		1.4746E-10
400		2.27081E-10
800		2.27081E-10