Transition		tpdr
0		1.00758E-08
100		2.10579E-10
400		2.95927E-10
800		2.95927E-10