Transition	Cinv	tpdr	tpdf
100	1	1.58424E-10	1.30666E-10
100	2	2.17197E-10	1.75982E-10
100	3	3.4833E-10	2.75951E-10
100	4	5.68082E-10	4.39638E-10