Transition		tpdr
0		1.0115E-08
100		2.12264E-10
400		2.97171E-10
800		3.99776E-10