Transition		tpdr
0		1.11631E-08
100		3.38906E-10
400		4.18106E-10
800		5.39084E-10