Transition		tpdr
0		1.29706E-08
100		5.91437E-10
400		6.64985E-10
800		7.78701E-10